Thread pool size,Current 10 Second Throughput,99th percentile Latency
1,6190.8,7.733247
1,6385.6,8.355839
1,6042.6,8.355839
1,6177.6,8.355839
1,6092.2,8.355839
1,6070.6,8.388607
1,6149.6,8.388607
1,6270.400000000001,8.388607
71,11197.0,8.978431
89,11045.0,9.043967
58,11067.8,9.109503
83,0.0,9.175039
55,10979.6,9.175039
58,11257.2,9.240575
57,10833.6,9.306111
50,11228.6,9.371647
53,11026.4,9.437183
54,11006.0,9.502719
40,10966.0,9.633791
10,11243.2,10.027007
9,11596.2,11.796479
